,feature,importance
0,dur,0.018087701567893893
1,service,0.08031844163150086
2,spkts,0.009204854881672856
3,dpkts,0.016835491755146693
4,sbytes,0.06026451947210987
5,dbytes,0.04764921295209862
6,rate,0.025468676611268382
7,sttl,0.11559346535627975
8,dttl,0.025161009897314564
9,sload,0.04977886375632345
10,dload,0.02862662167746231
11,sloss,0.014600997768465476
12,dloss,0.009655415749682534
13,sinpkt,0.015967359405645483
14,dinpkt,0.006252042480058002
15,sjit,0.013102088052322419
16,djit,0.007501409175703295
17,swin,0.008283355116665532
18,stcpb,0.0029663747068560363
19,dtcpb,0.0026114418867935903
20,dwin,0.00037701576875362686
21,tcprtt,0.02303643106735947
22,synack,0.01604639336943805
23,ackdat,0.02587267373625881
24,smean,0.06535330806956982
25,dmean,0.028724698712133904
26,trans_depth,0.0034423709206136315
27,response_body_len,0.0032450898164800945
28,ct_srv_src,0.04796034493589335
29,ct_state_ttl,0.07474411050218921
30,ct_dst_ltm,0.004886295374016082
31,ct_src_dport_ltm,0.005333011789454418
32,ct_dst_sport_ltm,0.0142350048369566
33,ct_dst_src_ltm,0.03453485651023053
34,is_ftp_login,0.0003161028301227177
35,ct_ftp_cmd,0.00045669363605921825
36,ct_flw_http_mthd,0.0035498092550216853
37,ct_src_ltm,0.0030266181157424595
38,ct_srv_dst,0.08470018925527198
39,is_sm_ips_ports,0.002229637597170775
